Sherman Crates,6 Brickson Park Circle,Computer Science,scrates0@ifeng.com,+60 186 439 1710
Otis Siggin,20 Holmberg Court,Psychology,osiggin1@nytimes.com,+86 731 965 6923
Wildon Downing,4744 Eagle Crest Plaza,Biology,wdowning2@cmu.edu,+66 811 606 0109
Jean Bilfoot,21 Parkside Drive,Business Administration,jbilfoot3@bizjournals.com,+86 945 481 5084
Ashton Aberchirder,62141 Kenwood Hill,Mechanical Engineering,aaberchirder4@aboutads.info,+31 315 544 5759
Vilma Center,57 Mitchell Avenue,Nursing,vcenter5@microsoft.com,+970 110 721 6044
Cammy Ambrosi,00091 Service Trail,Political Science,cambrosi6@alibaba.com,+86 183 228 0250
Jan Scryne,4 Ronald Regan Trail,History,jscryne7@irs.gov,+385 645 847 5579
Hewie Pendrigh,57 Elgar Drive,Electrical Engineering,hpendrigh8@elegantthemes.com,+46 862 118 9874
Langsdon Hatchard,4853 Marquette Lane,Economics,lhatchard9@fc2.com,+86 729 740 4698
Marieann O'Sheils,3 Browning Hill,English Literature,mosheilsa@redcross.org,+86 622 998 9980
Keeley Mayhead,9 Burning Wood Center,Chemistry,kmayheadb@wufoo.com,+86 948 863 4234
Brand Laming,7774 Rigney Point,Civil Engineering,blamingc@ezinearticles.com,+86 422 185 7071
Bev Tedman,86866 Messerschmidt Drive,Mathematics,btedmand@webeden.co.uk,+93 268 420 2927
Lyndsie Ortet,963 Lukken Drive,Sociology,lortete@imgur.com,+7 244 414 1874
Kory Wadmore,7 Northfield Road,Environmental Science,kwadmoref@java.com,+62 263 691 3146
Portie Maytum,37 Amoth Center,Physics,pmaytumg@privacy.gov.au,+7 300 996 0114
Selinda Milksop,880 Mcbride Parkway,Marketing,smilksoph@yale.edu,+46 595 546 6044
Vonny Janks,47799 Marcy Plaza,Communication,vjanksi@joomla.org,+63 610 226 5923
Caterina Enrrico,41764 Mccormick Drive,Accounting,cenrricoj@youku.com,+86 710 513 6389
Bear Lankford,51 Katie Street,Graphic Design,blankfordk@symantec.com,+86 714 982 5850
Winnah Cubberley,19 John Wall Point,Philosophy,wcubberleyl@nature.com,+504 568 133 5109
Reine Borrell,7 Shoshone Place,Anthropology,rborrellm@cocolog-nifty.com,+63 296 393 3535
Aubine Sends,626 Maple Wood Avenue,Art History,asendsn@bloglovin.com,+62 209 812 9261
Gavan Moughton,04 Moulton Park,Music,gmoughtono@google.ca,+86 312 330 6486
Pennie Tolmie,42262 Canary Court,Education,ptolmiep@shareasale.com,+63 523 459 6846
Renato Clemmey,2803 Green Ridge Place,Geology,rclemmeyq@histats.com,+387 315 992 5503
Nissy Kinforth,87 Mifflin Plaza,Architecture,nkinforthr@cmu.edu,+54 836 962 7523
Hermine Salkild,89209 Union Drive,Criminal Justice,hsalkilds@mayoclinic.com,+7 866 912 4894
Chickie Corrigan,8 Forest Dale Pass,Film Studies,ccorrigant@webmd.com,+46 228 621 2833
Dawna Dinsmore,6 3rd Center,Nutrition,ddinsmoreu@disqus.com,+212 363 917 6420
Mathias Kleinlerer,5 Nova Junction,Marketing,mkleinlererv@forbes.com,+7 466 799 5088
Charla Bernaciak,46 Sunnyside Hill,International Relations,cbernaciakw@dailymotion.com,+507 178 514 9712
Phyllis Targett,621 Division Drive,Physics,ptargettx@rambler.ru,+234 324 656 7735
Erie Trahearn,83560 Columbus Alley,Aerospace Engineering,etrahearny@irs.gov,+86 534 701 8392
Katey Haggerty,45 High Crossing Circle,Theater,khaggertyz@bizjournals.com,+267 177 734 0681
Kelcey Lett,663 Farmco Trail,Linguistics,klett10@unblog.fr,+257 772 853 6483
Bradan Ellens,92 Hallows Park,Biochemistry,bellens11@archive.org,+62 277 655 4725
Violet Strickett,6157 Menomonie Court,Environmental Engineering,vstrickett12@friendfeed.com,+86 114 181 9998
Gordan Eary,72 Morningstar Place,Public Health,geary13@newyorker.com,+850 739 122 6739
Lauryn Sayer,8 Independence Point,Religious Studies,lsayer14@sitemeter.com,+1 213 882 7030
Daisie Piscotti,757 Ohio Center,Industrial Engineering,dpiscotti15@harvard.edu,+62 697 949 7178
Shawn Dislee,0 Old Shore Court,Sociology,sdislee16@digg.com,+86 715 990 1737
Wes Joly,8 Bowman Crossing,Computer Engineering,wjoly17@ibm.com,+46 583 566 6314
Chuck Luckman,3660 Grover Park,Finance,cluckman18@mlb.com,+357 962 652 6859
Derrick Borer,8442 Oriole Point,Creative Writing,dborer19@tinyurl.com,+63 687 493 5634
Dru Bahike,30437 Gale Alley,Dance,dbahike1a@livejournal.com,+351 628 239 0301
Crissie Polkinghorne,67820 Laurel Road,Philosophy,cpolkinghorne1b@theguardian.com,+387 365 684 4271
Bendite Burgher,43 Goodland Hill,Nursing,bburgher1c@hud.gov,+55 723 847 0676
Krispin Scurlock,502 Lindbergh Pass,Political Science,kscurlock1d@newsvine.com,+57 836 793 2613
Adora Wolfers,5353 Kingsford Street,Microbiology,awolfers1e@privacy.gov.au,+86 439 559 3621
Forrest Jeduch,4 Dapin Avenue,Mechanical Engineering,fjeduch1f@princeton.edu,+62 783 459 0904
Alfonso Wilford,22 Mayer Trail,History,awilford1g@paypal.com,+266 897 825 3660
Deny Mafham,1066 Hauk Road,Chemistry,dmafham1h@patch.com,+86 830 478 1181
Angelia Plowell,0 Tennessee Drive,Economics,aplowell1i@senate.gov,+86 274 674 5038
Pammie Kale,08 Memorial Trail,Art History,pkale1j@foxnews.com,+231 387 875 8999
Fannie Killimister,1 Florence Avenue,Psychology,fkillimister1k@mediafire.com,+57 450 133 2633
Giacomo Lube,56577 Towne Point,Business Administration,glube1l@etsy.com,+86 797 736 2027
Abeu Korous,1 Bluejay Place,Graphic Design,akorous1m@sphinn.com,+62 809 494 7213
Lana Falk,8587 Memorial Junction,Mathematics,lfalk1n@hugedomains.com,+351 615 539 0809
Lotte Fuggle,477 Esch Circle,Communication,lfuggle1o@pbs.org,+62 258 934 1704
Husein Braunter,347 Fuller Parkway,Anthropology,hbraunter1p@independent.co.uk,+86 774 453 7731
Delora Riddell,70 Summer Ridge Court,Music,driddell1q@wikia.com,+62 762 297 8876
Jerrome Trunkfield,271 Northridge Street,Education,jtrunkfield1r@artisteer.com,+260 527 971 8010
Babette Grammer,61 Norway Maple Road,Geology,bgrammer1s@dagondesign.com,+351 193 744 6209
Giuseppe Kilshaw,01 Nelson Pass,Civil Engineering,gkilshaw1t@twitpic.com,+86 526 911 2827
Roxine Berens,9 Westend Park,Architecture,rberens1u@desdev.cn,+60 992 764 5378
Halette Butler,03 Meadow Ridge Lane,Criminal Justice,hbutler1v@pcworld.com,+92 411 253 8876
Lura Craighall,1 Goodland Road,Film Studies,lcraighall1w@nature.com,+63 167 220 0135
Avictor Gawler,351 Moulton Alley,Nutrition,agawler1x@wix.com,+63 725 721 4068
Emalia Marcq,1911 Oak Road,Marketing,emarcq1y@printfriendly.com,+62 411 501 8179
Glennie Loosemore,3149 Butterfield Park,International Relations,gloosemore1z@qq.com,+46 398 163 2812
Flemming Alliban,35 Homewood Parkway,Physics,falliban20@bing.com,+593 969 861 5748
Donnamarie Puddan,49953 Mosinee Parkway,Aerospace Engineering,dpuddan21@mapy.cz,+598 280 931 9836
Elroy Oddie,2096 Debra Crossing,Theater,eoddie22@gov.uk,+86 249 303 9455
Dacie Checchi,48605 Lyons Parkway,Linguistics,dchecchi23@theglobeandmail.com,+351 985 629 9836
Joey Lapides,63078 Hudson Trail,Biochemistry,jlapides24@statcounter.com,+380 772 754 6638
Yank Chatters,9962 Bayside Court,Environmental Engineering,ychatters25@lulu.com,+46 114 154 0350
Christina McGilvra,3879 Leroy Hill,Public Health,cmcgilvra26@samsung.com,+359 740 668 6714
Delores Dohrmann,148 Village Trail,Religious Studies,ddohrmann27@bloomberg.com,+249 382 449 4994
Elwyn Somerville,83386 Dapin Junction,Industrial Engineering,esomerville28@umn.edu,+86 357 621 1929
Rriocard Balsom,5019 Hoard Crossing,Sociology,rbalsom29@networkadvertising.org,+63 295 255 7705
Hashim Tarply,4 Corry Place,Computer Engineering,htarply2a@paypal.com,+62 416 267 2914
Carmita McCowan,0323 Kensington Alley,Finance,cmccowan2b@mac.com,+33 588 570 2131
Zorana Christene,22 Veith Street,Creative Writing,zchristene2c@zdnet.com,+86 943 833 3269
Eveline Brammall,5048 Kenwood Road,Dance,ebrammall2d@imageshack.us,+358 394 195 5127
Luca Murie,511 Crowley Street,Philosophy,lmurie2e@ebay.com,+63 379 828 4826
Mara Brockherst,499 Schlimgen Pass,Nursing,mbrockherst2f@cdc.gov,+48 895 736 0834
Burr McKelvey,8 Killdeer Drive,Political Science,bmckelvey2g@cam.ac.uk,+507 235 250 5461
Ilse Eagell,845 7th Parkway,Microbiology,ieagell2h@hc360.com,+62 755 346 2916
Willdon Schenkel,30489 Marcy Terrace,Mechanical Engineering,wschenkel2i@japanpost.jp,+7 418 650 8942
Genia Giacovelli,7981 Sunnyside Lane,History,ggiacovelli2j@taobao.com,+52 474 673 3395
Florina Bockh,39 Village Street,Chemistry,fbockh2k@samsung.com,+7 132 196 9456
Shelagh Toor,465 Mesta Park,Economics,stoor2l@xing.com,+30 791 545 1166
Madelene Sothern,2 Oriole Crossing,Art History,msothern2m@yahoo.com,+420 224 568 3170
Jesselyn Broomhall,905 La Follette Plaza,Psychology,jbroomhall2n@mapquest.com,+351 973 104 9429
Trix Week,89 Orin Terrace,Business Administration,tweek2o@tinypic.com,+56 794 958 2771
Gypsy Nesbitt,96 Northwestern Way,Graphic Design,gnesbitt2p@ihg.com,+47 325 506 3650
Rutherford Paige,2 Schlimgen Circle,Mathematics,rpaige2q@nature.com,+86 957 193 3749
Elbertine Hiley,5 Atwood Lane,Communication,ehiley2r@tamu.edu,+86 927 583 7912
